cohort_month,month_number,retained_customers
2020-01,0,241
2020-01,1,6
2020-01,2,3
2020-01,3,10
2020-01,4,5
2020-01,5,10
2020-01,6,8
2020-01,7,5
2020-01,8,6
2020-01,9,10
2020-01,10,5
2020-01,11,4
2020-01,12,13
2020-01,13,3
2020-01,14,4
2020-01,15,8
2020-01,16,9
2020-01,17,5
2020-01,18,6
2020-01,19,4
2020-01,20,8
2020-01,21,9
2020-01,22,6
2020-01,23,7
2020-01,24,9
2020-01,25,5
2020-01,26,4
2020-01,27,12
2020-01,28,5
2020-01,29,3
2020-01,30,7
2020-01,31,7
2020-01,32,6
2020-01,33,6
2020-01,34,4
2020-01,35,6
2020-01,36,9
2020-01,37,7
2020-01,38,5
2020-01,39,7
2020-01,40,8
2020-01,41,5
2020-01,42,7
2020-01,43,6
2020-01,44,5
2020-01,45,4
2020-01,46,6
2020-01,47,4
2020-01,48,4
2020-01,49,8
2020-01,50,3
2020-01,51,8
2020-01,52,6
2020-01,53,7
2020-01,54,7
2020-01,55,3
2020-01,56,5
2020-01,57,4
2020-01,58,4
2020-01,59,3
2020-01,60,7
2020-01,61,2
2020-01,62,6
2020-01,63,3
2020-02,0,228
2020-02,1,5
2020-02,2,8
2020-02,3,4
2020-02,4,6
2020-02,5,7
2020-02,6,8
2020-02,7,8
2020-02,8,8
2020-02,9,1
2020-02,10,6
2020-02,11,8
2020-02,12,7
2020-02,13,6
2020-02,14,5
2020-02,15,3
2020-02,16,6
2020-02,17,5
2020-02,18,6
2020-02,19,4
2020-02,20,8
2020-02,21,4
2020-02,22,5
2020-02,23,5
2020-02,24,4
2020-02,25,4
2020-02,26,6
2020-02,27,7
2020-02,28,8
2020-02,29,9
2020-02,30,9
2020-02,31,5
2020-02,32,8
2020-02,33,4
2020-02,34,7
2020-02,35,6
2020-02,36,5
2020-02,37,3
2020-02,38,8
2020-02,39,5
2020-02,40,2
2020-02,41,10
2020-02,42,5
2020-02,43,4
2020-02,44,7
2020-02,45,6
2020-02,46,5
2020-02,47,3
2020-02,48,4
2020-02,49,6
2020-02,50,6
2020-02,51,7
2020-02,52,5
2020-02,53,2
2020-02,54,6
2020-02,55,7
2020-02,56,10
2020-02,57,6
2020-02,58,6
2020-02,59,3
2020-02,60,7
2020-02,61,8
2020-02,62,6
2020-03,0,207
2020-03,1,4
2020-03,2,5
2020-03,3,8
2020-03,4,3
2020-03,5,3
2020-03,6,8
2020-03,7,7
2020-03,8,6
2020-03,9,6
2020-03,10,4
2020-03,11,6
2020-03,12,5
2020-03,13,4
2020-03,14,7
2020-03,15,6
2020-03,16,7
2020-03,17,7
2020-03,18,7
2020-03,19,3
2020-03,20,7
2020-03,21,9
2020-03,22,2
2020-03,23,2
2020-03,24,4
2020-03,25,3
2020-03,26,3
2020-03,27,4
2020-03,28,8
2020-03,29,5
2020-03,30,3
2020-03,31,4
2020-03,32,3
2020-03,33,7
2020-03,34,10
2020-03,35,3
2020-03,36,10
2020-03,37,5
2020-03,38,4
2020-03,39,9
2020-03,40,5
2020-03,41,4
2020-03,42,6
2020-03,43,6
2020-03,44,1
2020-03,45,5
2020-03,46,5
2020-03,47,3
2020-03,48,9
2020-03,49,7
2020-03,50,1
2020-03,51,1
2020-03,52,5
2020-03,53,6
2020-03,54,4
2020-03,55,5
2020-03,56,7
2020-03,57,3
2020-03,58,6
2020-03,59,7
2020-03,61,6
2020-04,0,200
2020-04,1,3
2020-04,2,12
2020-04,3,5
2020-04,4,6
2020-04,5,2
2020-04,6,5
2020-04,7,8
2020-04,8,6
2020-04,9,8
2020-04,10,3
2020-04,11,5
2020-04,12,5
2020-04,13,7
2020-04,14,8
2020-04,15,4
2020-04,16,3
2020-04,17,3
2020-04,18,5
2020-04,19,8
2020-04,20,5
2020-04,21,6
2020-04,22,6
2020-04,23,4
2020-04,24,4
2020-04,25,5
2020-04,26,5
2020-04,27,4
2020-04,28,4
2020-04,29,1
2020-04,30,5
2020-04,31,5
2020-04,32,3
2020-04,33,1
2020-04,34,4
2020-04,35,4
2020-04,36,3
2020-04,37,1
2020-04,38,6
2020-04,39,3
2020-04,40,3
2020-04,41,8
2020-04,42,5
2020-04,43,8
2020-04,44,9
2020-04,45,8
2020-04,46,4
2020-04,47,7
2020-04,48,6
2020-04,49,5
2020-04,50,6
2020-04,51,3
2020-04,52,3
2020-04,53,7
2020-04,54,3
2020-04,55,8
2020-04,56,4
2020-04,57,6
2020-04,59,8
2020-04,60,1
2020-05,0,209
2020-05,1,6
2020-05,2,9
2020-05,3,1
2020-05,4,9
2020-05,5,8
2020-05,6,4
2020-05,7,8
2020-05,8,8
2020-05,9,2
2020-05,10,5
2020-05,11,6
2020-05,12,5
2020-05,13,4
2020-05,14,5
2020-05,15,8
2020-05,16,5
2020-05,17,4
2020-05,18,5
2020-05,19,4
2020-05,20,4
2020-05,21,4
2020-05,22,8
2020-05,23,2
2020-05,24,3
2020-05,25,7
2020-05,26,8
2020-05,27,7
2020-05,28,4
2020-05,29,6
2020-05,30,4
2020-05,31,7
2020-05,32,7
2020-05,33,5
2020-05,34,9
2020-05,35,4
2020-05,36,6
2020-05,37,10
2020-05,38,7
2020-05,39,2
2020-05,40,4
2020-05,41,4
2020-05,42,2
2020-05,43,6
2020-05,44,2
2020-05,45,9
2020-05,46,2
2020-05,47,3
2020-05,48,9
2020-05,49,8
2020-05,50,6
2020-05,51,4
2020-05,52,2
2020-05,53,5
2020-05,54,6
2020-05,55,5
2020-05,56,7
2020-05,57,2
2020-05,58,8
2020-05,59,3
2020-06,0,208
2020-06,1,8
2020-06,2,7
2020-06,3,6
2020-06,4,4
2020-06,5,5
2020-06,6,8
2020-06,7,6
2020-06,8,5
2020-06,9,6
2020-06,10,8
2020-06,11,3
2020-06,13,8
2020-06,14,7
2020-06,15,5
2020-06,16,5
2020-06,17,4
2020-06,18,5
2020-06,19,4
2020-06,20,4
2020-06,21,1
2020-06,22,5
2020-06,23,4
2020-06,24,7
2020-06,25,3
2020-06,26,6
2020-06,27,5
2020-06,28,8
2020-06,29,3
2020-06,30,9
2020-06,31,4
2020-06,32,5
2020-06,33,12
2020-06,34,9
2020-06,35,6
2020-06,36,3
2020-06,37,1
2020-06,38,7
2020-06,39,4
2020-06,40,7
2020-06,41,4
2020-06,42,3
2020-06,43,8
2020-06,44,7
2020-06,45,7
2020-06,46,5
2020-06,47,9
2020-06,48,7
2020-06,49,4
2020-06,50,3
2020-06,51,5
2020-06,52,9
2020-06,53,5
2020-06,54,4
2020-06,55,3
2020-06,56,8
2020-06,57,6
2020-06,58,2
2020-07,0,206
2020-07,1,9
2020-07,2,2
2020-07,3,3
2020-07,4,2
2020-07,5,6
2020-07,6,7
2020-07,7,5
2020-07,8,5
2020-07,9,5
2020-07,10,11
2020-07,11,3
2020-07,12,4
2020-07,13,6
2020-07,14,6
2020-07,15,7
2020-07,16,5
2020-07,17,6
2020-07,18,6
2020-07,19,4
2020-07,20,4
2020-07,21,5
2020-07,22,6
2020-07,23,6
2020-07,24,8
2020-07,25,2
2020-07,26,9
2020-07,27,4
2020-07,28,3
2020-07,29,7
2020-07,30,7
2020-07,31,1
2020-07,32,3
2020-07,33,3
2020-07,34,7
2020-07,35,6
2020-07,36,8
2020-07,37,8
2020-07,38,8
2020-07,39,4
2020-07,40,2
2020-07,41,4
2020-07,42,4
2020-07,43,8
2020-07,44,4
2020-07,45,7
2020-07,46,5
2020-07,47,2
2020-07,48,9
2020-07,49,2
2020-07,50,4
2020-07,51,5
2020-07,52,6
2020-07,53,8
2020-07,54,5
2020-07,55,3
2020-07,56,8
2020-08,0,190
2020-08,1,4
2020-08,2,3
2020-08,3,5
2020-08,4,8
2020-08,5,13
2020-08,6,6
2020-08,7,3
2020-08,8,6
2020-08,9,3
2020-08,10,6
2020-08,11,3
2020-08,12,3
2020-08,13,9
2020-08,14,4
2020-08,15,6
2020-08,16,2
2020-08,17,6
2020-08,18,3
2020-08,19,3
2020-08,20,2
2020-08,21,3
2020-08,22,8
2020-08,23,6
2020-08,24,3
2020-08,25,4
2020-08,26,4
2020-08,27,2
2020-08,28,4
2020-08,29,3
2020-08,30,6
2020-08,31,1
2020-08,32,3
2020-08,33,5
2020-08,34,2
2020-08,35,2
2020-08,36,6
2020-08,37,7
2020-08,38,10
2020-08,39,4
2020-08,40,3
2020-08,41,8
2020-08,42,5
2020-08,43,4
2020-08,44,6
2020-08,45,3
2020-08,46,3
2020-08,47,5
2020-08,48,4
2020-08,49,2
2020-08,50,8
2020-08,51,4
2020-08,52,3
2020-08,53,4
2020-08,54,8
2020-08,55,8
2020-08,56,3
2020-09,0,162
2020-09,1,3
2020-09,2,6
2020-09,3,2
2020-09,4,5
2020-09,5,5
2020-09,6,3
2020-09,7,5
2020-09,8,3
2020-09,9,4
2020-09,10,2
2020-09,11,7
2020-09,12,4
2020-09,13,2
2020-09,14,7
2020-09,15,5
2020-09,16,7
2020-09,17,2
2020-09,18,9
2020-09,19,4
2020-09,20,2
2020-09,21,6
2020-09,22,5
2020-09,23,4
2020-09,24,3
2020-09,25,9
2020-09,26,5
2020-09,27,4
2020-09,28,6
2020-09,29,3
2020-09,30,5
2020-09,31,2
2020-09,32,5
2020-09,33,9
2020-09,34,5
2020-09,35,6
2020-09,36,4
2020-09,37,5
2020-09,38,5
2020-09,39,5
2020-09,40,5
2020-09,41,3
2020-09,42,4
2020-09,43,3
2020-09,44,7
2020-09,45,5
2020-09,46,3
2020-09,47,3
2020-09,48,3
2020-09,49,4
2020-09,50,1
2020-09,51,3
2020-09,52,5
2020-09,53,3
2020-09,54,1
2020-09,55,3
2020-10,0,179
2020-10,1,2
2020-10,2,4
2020-10,3,6
2020-10,4,7
2020-10,5,7
2020-10,6,4
2020-10,7,3
2020-10,8,4
2020-10,9,3
2020-10,10,5
2020-10,11,1
2020-10,12,8
2020-10,13,5
2020-10,14,7
2020-10,15,4
2020-10,16,6
2020-10,17,4
2020-10,18,5
2020-10,19,2
2020-10,20,8
2020-10,21,1
2020-10,22,3
2020-10,23,2
2020-10,24,5
2020-10,25,3
2020-10,26,7
2020-10,27,10
2020-10,28,2
2020-10,29,7
2020-10,30,2
2020-10,31,8
2020-10,32,4
2020-10,33,2
2020-10,34,2
2020-10,35,1
2020-10,36,7
2020-10,37,3
2020-10,38,3
2020-10,39,4
2020-10,40,5
2020-10,41,3
2020-10,42,6
2020-10,43,3
2020-10,44,7
2020-10,45,4
2020-10,46,1
2020-10,47,1
2020-10,48,1
2020-10,50,5
2020-10,51,5
2020-10,52,5
2020-10,53,8
2020-11,0,174
2020-11,1,1
2020-11,2,3
2020-11,3,6
2020-11,4,4
2020-11,5,8
2020-11,6,2
2020-11,7,8
2020-11,8,5
2020-11,9,10
2020-11,10,5
2020-11,11,5
2020-11,12,6
2020-11,13,6
2020-11,14,2
2020-11,15,4
2020-11,16,6
2020-11,17,5
2020-11,18,6
2020-11,19,7
2020-11,20,7
2020-11,21,4
2020-11,22,6
2020-11,23,6
2020-11,24,5
2020-11,25,5
2020-11,26,3
2020-11,27,4
2020-11,28,5
2020-11,29,4
2020-11,30,2
2020-11,31,8
2020-11,32,3
2020-11,33,5
2020-11,34,4
2020-11,35,5
2020-11,36,6
2020-11,37,9
2020-11,38,6
2020-11,39,5
2020-11,40,4
2020-11,41,6
2020-11,42,1
2020-11,43,4
2020-11,44,3
2020-11,45,2
2020-11,46,1
2020-11,47,5
2020-11,48,1
2020-11,49,3
2020-11,50,5
2020-11,51,3
2020-11,52,7
2020-12,0,198
2020-12,1,6
2020-12,2,6
2020-12,3,6
2020-12,4,5
2020-12,5,7
2020-12,6,7
2020-12,7,4
2020-12,8,6
2020-12,9,1
2020-12,10,9
2020-12,11,5
2020-12,12,3
2020-12,13,2
2020-12,14,8
2020-12,15,6
2020-12,16,7
2020-12,17,5
2020-12,18,4
2020-12,19,4
2020-12,20,4
2020-12,21,2
2020-12,22,4
2020-12,23,4
2020-12,24,4
2020-12,25,6
2020-12,26,5
2020-12,27,7
2020-12,28,3
2020-12,29,7
2020-12,30,3
2020-12,31,3
2020-12,32,4
2020-12,33,8
2020-12,34,9
2020-12,35,5
2020-12,36,5
2020-12,37,8
2020-12,38,6
2020-12,39,5
2020-12,40,5
2020-12,41,8
2020-12,42,2
2020-12,43,6
2020-12,44,4
2020-12,45,3
2020-12,46,4
2020-12,48,4
2020-12,49,5
2020-12,50,2
2020-12,51,8
2020-12,52,4
2021-01,0,164
2021-01,1,5
2021-01,2,7
2021-01,3,7
2021-01,4,2
2021-01,5,1
2021-01,6,4
2021-01,7,7
2021-01,8,5
2021-01,9,8
2021-01,10,7
2021-01,11,4
2021-01,12,3
2021-01,13,3
2021-01,14,5
2021-01,15,5
2021-01,16,3
2021-01,17,2
2021-01,18,3
2021-01,19,7
2021-01,20,7
2021-01,21,2
2021-01,22,7
2021-01,23,3
2021-01,24,4
2021-01,25,6
2021-01,26,1
2021-01,27,3
2021-01,28,4
2021-01,29,5
2021-01,30,6
2021-01,31,7
2021-01,32,9
2021-01,33,2
2021-01,34,5
2021-01,35,3
2021-01,36,2
2021-01,37,3
2021-01,38,4
2021-01,39,6
2021-01,40,6
2021-01,41,6
2021-01,42,2
2021-01,43,5
2021-01,44,4
2021-01,45,3
2021-01,46,6
2021-01,47,3
2021-01,48,3
2021-01,49,2
2021-01,50,4
2021-01,51,2
2021-02,0,142
2021-02,1,2
2021-02,2,2
2021-02,3,4
2021-02,4,3
2021-02,5,3
2021-02,6,4
2021-02,7,6
2021-02,8,1
2021-02,9,2
2021-02,10,3
2021-02,11,3
2021-02,12,4
2021-02,13,4
2021-02,14,2
2021-02,15,3
2021-02,16,5
2021-02,17,5
2021-02,18,9
2021-02,19,4
2021-02,20,4
2021-02,21,8
2021-02,22,5
2021-02,23,4
2021-02,24,1
2021-02,25,1
2021-02,26,3
2021-02,27,11
2021-02,28,7
2021-02,29,4
2021-02,30,7
2021-02,31,6
2021-02,32,1
2021-02,33,7
2021-02,34,1
2021-02,35,6
2021-02,36,5
2021-02,37,1
2021-02,38,3
2021-02,39,5
2021-02,40,2
2021-02,41,5
2021-02,42,3
2021-02,43,5
2021-02,44,2
2021-02,45,3
2021-02,46,5
2021-02,47,4
2021-02,48,2
2021-02,49,6
2021-02,50,1
2021-03,0,155
2021-03,1,1
2021-03,2,2
2021-03,3,4
2021-03,4,3
2021-03,5,3
2021-03,6,6
2021-03,7,4
2021-03,8,3
2021-03,9,3
2021-03,10,4
2021-03,11,4
2021-03,12,2
2021-03,13,2
2021-03,14,8
2021-03,15,5
2021-03,16,7
2021-03,17,5
2021-03,18,11
2021-03,19,7
2021-03,20,7
2021-03,21,6
2021-03,22,6
2021-03,23,3
2021-03,24,6
2021-03,25,4
2021-03,26,5
2021-03,27,5
2021-03,28,5
2021-03,29,4
2021-03,30,2
2021-03,31,3
2021-03,32,3
2021-03,33,5
2021-03,34,3
2021-03,35,2
2021-03,36,6
2021-03,37,3
2021-03,38,4
2021-03,39,4
2021-03,40,5
2021-03,41,3
2021-03,42,8
2021-03,43,3
2021-03,44,5
2021-03,45,5
2021-03,46,5
2021-03,47,5
2021-03,48,3
2021-03,49,2
2021-04,0,156
2021-04,1,7
2021-04,2,5
2021-04,3,5
2021-04,4,5
2021-04,5,4
2021-04,6,4
2021-04,7,6
2021-04,8,4
2021-04,9,1
2021-04,10,3
2021-04,11,1
2021-04,12,2
2021-04,13,5
2021-04,14,3
2021-04,15,5
2021-04,16,3
2021-04,17,3
2021-04,18,4
2021-04,19,5
2021-04,20,2
2021-04,21,6
2021-04,22,4
2021-04,23,1
2021-04,24,1
2021-04,25,5
2021-04,26,1
2021-04,27,2
2021-04,28,3
2021-04,29,5
2021-04,30,3
2021-04,31,5
2021-04,32,4
2021-04,33,1
2021-04,34,5
2021-04,35,5
2021-04,36,5
2021-04,37,3
2021-04,38,5
2021-04,39,2
2021-04,40,3
2021-04,41,7
2021-04,42,6
2021-04,43,4
2021-04,44,2
2021-04,45,2
2021-04,46,2
2021-04,47,5
2021-04,48,2
2021-05,0,145
2021-05,1,2
2021-05,2,3
2021-05,3,3
2021-05,4,1
2021-05,5,3
2021-05,6,7
2021-05,7,3
2021-05,8,5
2021-05,9,3
2021-05,10,7
2021-05,11,4
2021-05,12,1
2021-05,13,4
2021-05,14,2
2021-05,15,5
2021-05,16,3
2021-05,17,1
2021-05,18,1
2021-05,19,3
2021-05,20,5
2021-05,21,1
2021-05,22,2
2021-05,23,7
2021-05,24,3
2021-05,25,5
2021-05,26,3
2021-05,27,3
2021-05,28,1
2021-05,29,3
2021-05,30,5
2021-05,31,2
2021-05,32,6
2021-05,33,1
2021-05,34,1
2021-05,35,3
2021-05,36,1
2021-05,37,7
2021-05,38,4
2021-05,39,9
2021-05,40,1
2021-05,41,6
2021-05,42,4
2021-05,43,3
2021-05,44,2
2021-05,45,1
2021-05,46,3
2021-05,47,3
2021-06,0,181
2021-06,1,7
2021-06,2,3
2021-06,3,7
2021-06,4,6
2021-06,5,4
2021-06,6,3
2021-06,7,1
2021-06,8,6
2021-06,9,8
2021-06,10,7
2021-06,11,3
2021-06,12,2
2021-06,13,7
2021-06,14,1
2021-06,15,6
2021-06,16,4
2021-06,17,6
2021-06,18,8
2021-06,19,3
2021-06,20,4
2021-06,21,4
2021-06,22,4
2021-06,23,6
2021-06,24,1
2021-06,25,8
2021-06,26,3
2021-06,27,7
2021-06,28,4
2021-06,29,7
2021-06,30,3
2021-06,31,2
2021-06,32,3
2021-06,33,5
2021-06,34,6
2021-06,35,5
2021-06,36,2
2021-06,37,4
2021-06,38,6
2021-06,39,5
2021-06,40,5
2021-06,41,6
2021-06,42,4
2021-06,43,8
2021-06,44,3
2021-06,45,6
2021-06,46,4
2021-07,0,126
2021-07,1,3
2021-07,2,3
2021-07,3,6
2021-07,4,3
2021-07,5,3
2021-07,6,3
2021-07,8,3
2021-07,9,6
2021-07,10,4
2021-07,11,3
2021-07,12,3
2021-07,13,2
2021-07,14,8
2021-07,15,5
2021-07,16,5
2021-07,17,2
2021-07,18,2
2021-07,19,5
2021-07,20,1
2021-07,21,1
2021-07,22,3
2021-07,23,3
2021-07,24,3
2021-07,25,4
2021-07,27,3
2021-07,28,3
2021-07,29,4
2021-07,30,7
2021-07,31,2
2021-07,32,4
2021-07,33,6
2021-07,34,4
2021-07,35,4
2021-07,37,2
2021-07,38,4
2021-07,39,3
2021-07,40,5
2021-07,41,3
2021-07,42,2
2021-07,43,1
2021-07,44,3
2021-07,45,3
2021-08,0,143
2021-08,1,2
2021-08,2,4
2021-08,3,6
2021-08,4,5
2021-08,5,3
2021-08,6,3
2021-08,7,6
2021-08,8,3
2021-08,9,6
2021-08,10,4
2021-08,11,4
2021-08,12,6
2021-08,13,7
2021-08,14,4
2021-08,15,5
2021-08,16,7
2021-08,17,2
2021-08,18,1
2021-08,19,7
2021-08,20,3
2021-08,21,4
2021-08,22,4
2021-08,23,4
2021-08,24,2
2021-08,25,4
2021-08,26,4
2021-08,27,5
2021-08,28,4
2021-08,29,5
2021-08,30,7
2021-08,31,1
2021-08,32,3
2021-08,33,2
2021-08,34,2
2021-08,35,3
2021-08,36,3
2021-08,37,4
2021-08,38,1
2021-08,39,5
2021-08,40,3
2021-08,42,7
2021-08,43,5
2021-08,44,3
2021-09,0,149
2021-09,1,2
2021-09,2,1
2021-09,3,5
2021-09,4,4
2021-09,5,5
2021-09,6,10
2021-09,7,3
2021-09,8,4
2021-09,9,4
2021-09,10,4
2021-09,11,4
2021-09,12,1
2021-09,13,8
2021-09,14,7
2021-09,15,5
2021-09,16,3
2021-09,17,2
2021-09,18,6
2021-09,19,2
2021-09,20,5
2021-09,21,5
2021-09,22,6
2021-09,23,4
2021-09,24,3
2021-09,25,3
2021-09,26,4
2021-09,27,7
2021-09,28,7
2021-09,29,7
2021-09,30,4
2021-09,31,2
2021-09,32,4
2021-09,33,3
2021-09,34,6
2021-09,35,3
2021-09,36,5
2021-09,37,4
2021-09,38,4
2021-09,39,4
2021-09,40,4
2021-09,41,2
2021-09,43,3
2021-10,0,123
2021-10,1,3
2021-10,2,4
2021-10,3,3
2021-10,4,5
2021-10,5,2
2021-10,6,4
2021-10,7,7
2021-10,8,2
2021-10,9,4
2021-10,10,5
2021-10,11,3
2021-10,12,1
2021-10,13,5
2021-10,14,2
2021-10,15,4
2021-10,16,2
2021-10,17,8
2021-10,18,4
2021-10,19,2
2021-10,20,2
2021-10,21,3
2021-10,22,5
2021-10,23,5
2021-10,24,1
2021-10,25,3
2021-10,26,5
2021-10,27,1
2021-10,28,3
2021-10,29,2
2021-10,30,3
2021-10,31,3
2021-10,32,2
2021-10,33,2
2021-10,34,3
2021-10,35,5
2021-10,36,5
2021-10,37,3
2021-10,38,2
2021-10,39,1
2021-10,40,3
2021-10,41,3
2021-10,42,2
2021-11,0,115
2021-11,1,3
2021-11,2,7
2021-11,3,1
2021-11,4,3
2021-11,5,5
2021-11,6,4
2021-11,7,3
2021-11,8,2
2021-11,9,2
2021-11,10,1
2021-11,11,5
2021-11,12,5
2021-11,13,3
2021-11,14,4
2021-11,15,4
2021-11,16,4
2021-11,17,5
2021-11,18,4
2021-11,19,3
2021-11,20,3
2021-11,21,5
2021-11,22,1
2021-11,23,2
2021-11,24,1
2021-11,25,1
2021-11,26,2
2021-11,27,1
2021-11,28,5
2021-11,29,2
2021-11,30,4
2021-11,32,3
2021-11,34,7
2021-11,35,5
2021-11,36,2
2021-11,37,4
2021-11,38,6
2021-11,39,3
2021-11,40,2
2021-11,41,1
2021-12,0,130
2021-12,1,3
2021-12,2,3
2021-12,3,4
2021-12,4,4
2021-12,5,2
2021-12,6,3
2021-12,7,6
2021-12,8,1
2021-12,9,7
2021-12,10,1
2021-12,11,2
2021-12,13,6
2021-12,14,2
2021-12,15,4
2021-12,16,3
2021-12,17,3
2021-12,18,3
2021-12,19,4
2021-12,20,6
2021-12,21,5
2021-12,22,2
2021-12,23,2
2021-12,24,3
2021-12,25,4
2021-12,26,2
2021-12,28,3
2021-12,29,3
2021-12,30,2
2021-12,31,8
2021-12,32,2
2021-12,33,1
2021-12,34,2
2021-12,35,2
2021-12,36,6
2021-12,37,3
2021-12,38,5
2021-12,39,5
2021-12,40,4
2022-01,0,127
2022-01,1,4
2022-01,2,4
2022-01,3,2
2022-01,4,3
2022-01,5,2
2022-01,6,1
2022-01,7,3
2022-01,8,4
2022-01,9,4
2022-01,10,3
2022-01,11,2
2022-01,12,3
2022-01,13,1
2022-01,14,1
2022-01,15,4
2022-01,16,2
2022-01,17,4
2022-01,18,6
2022-01,19,7
2022-01,20,1
2022-01,21,4
2022-01,22,5
2022-01,23,4
2022-01,25,1
2022-01,26,6
2022-01,27,4
2022-01,28,1
2022-01,29,3
2022-01,30,3
2022-01,31,3
2022-01,32,7
2022-01,33,1
2022-01,34,4
2022-01,35,5
2022-01,36,2
2022-01,37,3
2022-01,38,4
2022-01,39,1
2022-02,0,119
2022-02,1,5
2022-02,2,5
2022-02,3,3
2022-02,4,2
2022-02,5,2
2022-02,6,4
2022-02,7,1
2022-02,8,3
2022-02,9,3
2022-02,10,3
2022-02,11,3
2022-02,12,2
2022-02,13,7
2022-02,14,1
2022-02,15,4
2022-02,16,3
2022-02,17,12
2022-02,18,1
2022-02,19,1
2022-02,20,5
2022-02,21,1
2022-02,22,2
2022-02,23,5
2022-02,24,4
2022-02,25,5
2022-02,26,6
2022-02,27,4
2022-02,28,2
2022-02,29,3
2022-02,30,4
2022-02,31,3
2022-02,32,5
2022-02,34,2
2022-02,35,1
2022-02,36,2
2022-02,37,3
2022-03,0,120
2022-03,1,1
2022-03,2,3
2022-03,3,2
2022-03,4,2
2022-03,5,5
2022-03,6,5
2022-03,7,2
2022-03,8,1
2022-03,9,3
2022-03,10,4
2022-03,11,4
2022-03,12,2
2022-03,13,5
2022-03,14,5
2022-03,15,3
2022-03,16,3
2022-03,17,3
2022-03,18,2
2022-03,19,6
2022-03,20,4
2022-03,21,3
2022-03,22,5
2022-03,23,6
2022-03,24,5
2022-03,25,2
2022-03,26,3
2022-03,27,2
2022-03,28,4
2022-03,29,1
2022-03,30,2
2022-03,31,4
2022-03,32,5
2022-03,33,6
2022-03,34,6
2022-03,35,1
2022-03,36,5
2022-03,37,1
2022-04,0,110
2022-04,1,1
2022-04,2,2
2022-04,3,1
2022-04,4,1
2022-04,5,3
2022-04,6,3
2022-04,7,5
2022-04,9,4
2022-04,10,1
2022-04,11,3
2022-04,12,2
2022-04,13,6
2022-04,14,1
2022-04,15,2
2022-04,16,2
2022-04,17,1
2022-04,18,2
2022-04,19,6
2022-04,20,2
2022-04,21,1
2022-04,22,1
2022-04,23,5
2022-04,24,3
2022-04,25,2
2022-04,27,3
2022-04,28,3
2022-04,29,2
2022-04,30,1
2022-04,31,2
2022-04,32,3
2022-04,33,5
2022-04,34,2
2022-04,35,9
2022-05,0,120
2022-05,1,3
2022-05,2,4
2022-05,3,2
2022-05,4,4
2022-05,5,2
2022-05,6,2
2022-05,7,1
2022-05,8,3
2022-05,9,3
2022-05,10,4
2022-05,11,3
2022-05,12,1
2022-05,13,4
2022-05,14,1
2022-05,15,3
2022-05,16,2
2022-05,17,1
2022-05,18,5
2022-05,20,2
2022-05,21,3
2022-05,22,8
2022-05,23,2
2022-05,24,4
2022-05,25,1
2022-05,26,3
2022-05,27,5
2022-05,28,2
2022-05,29,4
2022-05,30,4
2022-05,31,4
2022-05,32,7
2022-05,33,3
2022-05,35,2
2022-06,0,120
2022-06,1,1
2022-06,2,1
2022-06,3,1
2022-06,4,3
2022-06,5,3
2022-06,6,1
2022-06,7,1
2022-06,8,2
2022-06,9,4
2022-06,10,7
2022-06,11,2
2022-06,12,6
2022-06,13,2
2022-06,14,4
2022-06,15,2
2022-06,16,4
2022-06,17,1
2022-06,18,3
2022-06,19,4
2022-06,20,5
2022-06,21,2
2022-06,22,2
2022-06,23,2
2022-06,24,3
2022-06,25,5
2022-06,26,4
2022-06,27,2
2022-06,28,1
2022-06,29,3
2022-06,30,4
2022-06,31,3
2022-06,32,3
2022-06,33,1
2022-06,34,2
2022-07,0,118
2022-07,1,6
2022-07,2,2
2022-07,3,5
2022-07,4,2
2022-07,6,5
2022-07,7,3
2022-07,8,4
2022-07,9,3
2022-07,10,2
2022-07,11,2
2022-07,12,1
2022-07,13,5
2022-07,14,2
2022-07,15,3
2022-07,16,4
2022-07,17,5
2022-07,18,4
2022-07,20,2
2022-07,21,1
2022-07,22,3
2022-07,23,2
2022-07,24,4
2022-07,25,4
2022-07,26,5
2022-07,27,4
2022-07,28,3
2022-07,29,3
2022-07,30,6
2022-07,31,1
2022-07,32,2
2022-08,0,111
2022-08,1,3
2022-08,2,7
2022-08,3,2
2022-08,4,3
2022-08,5,7
2022-08,6,3
2022-08,7,3
2022-08,8,3
2022-08,9,1
2022-08,10,5
2022-08,11,2
2022-08,12,3
2022-08,13,6
2022-08,14,7
2022-08,15,3
2022-08,16,3
2022-08,17,5
2022-08,18,4
2022-08,19,3
2022-08,20,1
2022-08,21,4
2022-08,22,1
2022-08,23,2
2022-08,24,2
2022-08,25,2
2022-08,26,6
2022-08,27,4
2022-08,28,2
2022-08,29,5
2022-08,30,1
2022-08,31,3
2022-08,32,2
2022-09,0,104
2022-09,1,2
2022-09,2,1
2022-09,3,3
2022-09,4,3
2022-09,5,2
2022-09,6,2
2022-09,7,3
2022-09,8,2
2022-09,9,1
2022-09,10,3
2022-09,11,3
2022-09,12,3
2022-09,14,1
2022-09,15,1
2022-09,16,1
2022-09,17,2
2022-09,18,3
2022-09,19,1
2022-09,20,4
2022-09,21,4
2022-09,22,4
2022-09,23,2
2022-09,25,3
2022-09,26,1
2022-09,27,1
2022-09,28,4
2022-09,29,1
2022-09,31,2
2022-10,0,92
2022-10,2,1
2022-10,3,1
2022-10,4,2
2022-10,5,7
2022-10,6,2
2022-10,7,3
2022-10,8,2
2022-10,9,2
2022-10,10,6
2022-10,11,6
2022-10,12,4
2022-10,13,3
2022-10,14,3
2022-10,15,3
2022-10,16,1
2022-10,17,4
2022-10,19,2
2022-10,20,1
2022-10,21,3
2022-10,22,3
2022-10,23,3
2022-10,25,3
2022-10,26,2
2022-10,27,1
2022-10,28,2
2022-10,29,2
2022-11,0,99
2022-11,1,1
2022-11,2,5
2022-11,3,1
2022-11,4,6
2022-11,5,3
2022-11,6,2
2022-11,7,5
2022-11,8,6
2022-11,10,4
2022-11,11,3
2022-11,12,2
2022-11,13,3
2022-11,14,2
2022-11,15,4
2022-11,16,2
2022-11,18,6
2022-11,19,4
2022-11,21,2
2022-11,22,3
2022-11,23,3
2022-11,24,4
2022-11,25,4
2022-11,26,5
2022-11,27,3
2022-11,28,4
2022-11,29,2
2022-12,0,80
2022-12,2,3
2022-12,3,2
2022-12,4,2
2022-12,5,1
2022-12,6,3
2022-12,7,1
2022-12,8,3
2022-12,9,7
2022-12,10,3
2022-12,11,2
2022-12,12,2
2022-12,13,1
2022-12,15,1
2022-12,17,2
2022-12,18,2
2022-12,19,2
2022-12,20,2
2022-12,22,2
2022-12,24,3
2022-12,25,1
2022-12,26,3
2022-12,27,3
2022-12,28,2
2023-01,0,99
2023-01,1,2
2023-01,2,1
2023-01,3,2
2023-01,4,4
2023-01,5,4
2023-01,6,5
2023-01,7,2
2023-01,9,4
2023-01,10,2
2023-01,11,1
2023-01,12,1
2023-01,13,3
2023-01,14,3
2023-01,15,3
2023-01,16,2
2023-01,17,1
2023-01,18,2
2023-01,19,4
2023-01,20,2
2023-01,21,4
2023-01,22,4
2023-01,23,5
2023-01,24,2
2023-01,25,3
2023-01,26,1
2023-01,27,1
2023-02,0,94
2023-02,1,2
2023-02,2,5
2023-02,3,4
2023-02,4,3
2023-02,5,1
2023-02,6,4
2023-02,7,5
2023-02,8,2
2023-02,9,3
2023-02,11,2
2023-02,12,2
2023-02,14,1
2023-02,15,2
2023-02,16,1
2023-02,17,1
2023-02,18,2
2023-02,19,2
2023-02,20,3
2023-02,22,2
2023-02,23,1
2023-02,24,3
2023-02,25,3
2023-02,26,1
2023-03,0,82
2023-03,1,1
2023-03,2,3
2023-03,3,3
2023-03,4,1
2023-03,5,3
2023-03,6,2
2023-03,7,2
2023-03,8,2
2023-03,9,4
2023-03,10,1
2023-03,11,3
2023-03,12,2
2023-03,13,1
2023-03,14,3
2023-03,15,1
2023-03,16,1
2023-03,17,1
2023-03,18,1
2023-03,19,2
2023-03,21,1
2023-03,23,1
2023-03,24,3
2023-03,25,2
2023-04,0,85
2023-04,1,3
2023-04,2,2
2023-04,4,4
2023-04,5,2
2023-04,6,2
2023-04,7,2
2023-04,8,3
2023-04,9,2
2023-04,10,1
2023-04,11,3
2023-04,13,3
2023-04,14,3
2023-04,15,2
2023-04,17,1
2023-04,18,4
2023-04,19,3
2023-04,20,3
2023-04,21,1
2023-04,24,1
2023-05,0,83
2023-05,1,2
2023-05,2,1
2023-05,3,1
2023-05,4,2
2023-05,5,4
2023-05,6,4
2023-05,7,2
2023-05,9,2
2023-05,10,2
2023-05,11,1
2023-05,12,4
2023-05,13,4
2023-05,14,3
2023-05,15,1
2023-05,16,3
2023-05,18,3
2023-05,19,1
2023-05,20,5
2023-05,21,2
2023-06,0,64
2023-06,1,1
2023-06,2,4
2023-06,3,2
2023-06,6,1
2023-06,7,2
2023-06,8,1
2023-06,10,1
2023-06,11,2
2023-06,12,3
2023-06,14,2
2023-06,15,3
2023-06,16,4
2023-06,18,2
2023-06,19,1
2023-06,21,1
2023-07,0,97
2023-07,1,2
2023-07,2,2
2023-07,3,1
2023-07,4,1
2023-07,5,3
2023-07,6,2
2023-07,7,2
2023-07,8,1
2023-07,10,2
2023-07,12,2
2023-07,14,3
2023-07,15,3
2023-07,16,1
2023-07,18,2
2023-07,19,1
2023-07,20,1
2023-07,21,2
2023-08,0,81
2023-08,1,4
2023-08,3,2
2023-08,5,3
2023-08,6,1
2023-08,8,4
2023-08,9,2
2023-08,10,2
2023-08,11,2
2023-08,12,1
2023-08,13,2
2023-08,14,1
2023-08,15,2
2023-08,16,2
2023-08,17,2
2023-08,18,4
2023-08,19,2
2023-08,20,1
2023-09,0,69
2023-09,1,1
2023-09,2,1
2023-09,4,3
2023-09,5,2
2023-09,6,3
2023-09,7,4
2023-09,8,2
2023-09,10,1
2023-09,11,3
2023-09,12,4
2023-09,15,3
2023-09,16,2
2023-09,17,3
2023-09,18,1
2023-09,19,1
2023-10,0,93
2023-10,1,1
2023-10,3,4
2023-10,4,5
2023-10,5,5
2023-10,6,2
2023-10,7,3
2023-10,8,2
2023-10,10,1
2023-10,11,1
2023-10,12,1
2023-10,13,2
2023-10,14,2
2023-10,15,3
2023-10,16,1
2023-10,17,2
2023-10,18,1
2023-11,0,63
2023-11,1,2
2023-11,4,1
2023-11,5,3
2023-11,7,1
2023-11,8,2
2023-11,9,3
2023-11,10,1
2023-11,11,3
2023-11,14,5
2023-11,15,2
2023-11,16,2
2023-11,17,1
2023-12,0,73
2023-12,1,1
2023-12,4,1
2023-12,5,4
2023-12,6,3
2023-12,7,3
2023-12,9,1
2023-12,10,3
2023-12,11,4
2023-12,12,3
2023-12,13,3
2023-12,14,2
2023-12,15,2
2023-12,16,2
2024-01,0,82
2024-01,1,2
2024-01,2,3
2024-01,3,3
2024-01,4,1
2024-01,5,4
2024-01,6,2
2024-01,7,4
2024-01,8,4
2024-01,9,1
2024-01,10,1
2024-01,12,1
2024-01,13,1
2024-01,15,2
2024-02,0,56
2024-02,1,1
2024-02,2,1
2024-02,4,2
2024-02,6,3
2024-02,7,2
2024-02,8,4
2024-02,9,1
2024-02,10,2
2024-02,13,1
2024-03,0,73
2024-03,1,2
2024-03,2,4
2024-03,3,1
2024-03,4,1
2024-03,5,2
2024-03,6,2
2024-03,7,3
2024-03,8,2
2024-03,9,3
2024-03,10,4
2024-03,11,1
2024-03,12,2
2024-03,13,1
2024-04,0,49
2024-04,1,1
2024-04,2,1
2024-04,5,1
2024-04,7,1
2024-04,9,3
2024-04,10,2
2024-04,11,1
2024-05,0,70
2024-05,1,1
2024-05,2,1
2024-05,4,3
2024-05,6,2
2024-05,7,3
2024-05,8,1
2024-05,9,2
2024-06,0,54
2024-06,2,2
2024-06,5,1
2024-06,6,4
2024-06,7,2
2024-06,9,3
2024-06,10,1
2024-07,0,58
2024-07,1,1
2024-07,2,6
2024-07,3,2
2024-07,4,2
2024-07,6,3
2024-07,7,3
2024-07,8,1
2024-08,0,56
2024-08,1,3
2024-08,2,1
2024-08,3,1
2024-08,4,2
2024-08,5,2
2024-08,6,3
2024-08,7,3
2024-09,0,59
2024-09,1,2
2024-09,2,1
2024-09,4,1
2024-09,5,1
2024-09,6,1
2024-09,7,2
2024-10,0,58
2024-10,1,1
2024-10,2,2
2024-10,3,1
2024-10,4,1
2024-10,5,1
2024-11,0,50
2024-11,4,2
2024-12,0,50
2024-12,1,1
2024-12,2,2
2024-12,3,1
2024-12,4,1
2025-01,0,49
2025-01,1,1
2025-01,2,1
2025-02,0,39
2025-03,0,58
2025-04,0,39
